<?xml version = '1.0' encoding = 'UTF-8'?>
<FKIndexAssociation class="oracle.dbtools.crest.model.design.relational.FKIndexAssociation" directorySegmentName="seg_0" id="A4E76886-EDD6-0C0E-A65B-8FC6A274F20F" containerWithKeyObject="E1359CDF-F5D0-3F4B-D731-9871B0075815" localFKIndex="BD61B975-E15A-863D-D972-9E5481C338A9" name="persona_juridica_Cliente_FK">
<createdBy>Santiago</createdBy>
<createdTime>2021-04-16 15:11:18 UTC</createdTime>
<generatorID>FB7336C6-3ED1-267B-0D1F-EEEB9B62329A</generatorID>
<ownerDesignName>banco</ownerDesignName>
<referredTableLongName>Cliente</referredTableLongName>
<deleteRule>NO ACTION</deleteRule>
<referredTableID>E88CBE22-70DF-32B9-6669-7B3CDA53A505</referredTableID>
<keyObject>F7E26F9F-527A-EC2F-84AA-9C0BEFA34250</keyObject>
<referredKeyID>F7E26F9F-527A-EC2F-84AA-9C0BEFA34250</referredKeyID>
<mandatory>true</mandatory>
<refColNames>documento</refColNames>
<transferable>true</transferable>
<rely>false</rely>
<columnDependencyConstraintGenerateInDDL>true</columnDependencyConstraintGenerateInDDL>
</FKIndexAssociation>