<?xml version = '1.0' encoding = 'UTF-8'?>
<Entity class="oracle.dbtools.crest.model.design.logical.Entity" directorySegmentName="seg_0" id="070279DB-01CA-54AA-5520-69A2CE21D689" name="persona juridica">
<createdBy>Santiago</createdBy>
<createdTime>2021-03-19 15:06:15 UTC</createdTime>
<generatorID>F325D8F5-AECA-01F9-43C8-744DC68AF18D</generatorID>
<ownerDesignName>banco</ownerDesignName>
<engineerTo>
<item key="B02A1C11-A8A2-77F5-3595-D5B964B09602" value="true"/>
</engineerTo>
<adequatelyNormalized>NO</adequatelyNormalized>
<expectedVolumes>0</expectedVolumes>
<fwdEngineeringStrategyName>Single Table</fwdEngineeringStrategyName>
<growthPercent>0</growthPercent>
<growthType>Year</growthType>
<maxVolumes>9999999</maxVolumes>
<minVolumes>0</minVolumes>
<normalForm>Third</normalForm>
<attributes itemClass="oracle.dbtools.crest.model.design.logical.Attribute">
<Attribute name="Cliente documento" id="7D566938-67DA-AE0D-AB2E-25DC53AF1864">
<createdBy>Santiago</createdBy>
<createdTime>2021-03-19 15:06:15 UTC</createdTime>
<generatorID>FB7336C6-3ED1-267B-0D1F-EEEB9B62329A</generatorID>
<ownerDesignName>banco</ownerDesignName>
<engineerTo>
<item key="B02A1C11-A8A2-77F5-3595-D5B964B09602" value="true"/>
</engineerTo>
<referedAttribute>D9A09E1A-D759-9B8A-7175-472E72C97C74</referedAttribute>
<useDomainConstraints>false</useDomainConstraints>
<use>1</use>
<logicalDatatype>LOGDT011</logicalDatatype>
<ownDataTypeParameters>,,</ownDataTypeParameters>
</Attribute>
<Attribute name="tipo empresa" id="80129AC6-AD76-59BE-17CE-0FF182C03E82">
<createdBy>Santiago</createdBy>
<createdTime>2021-03-19 15:06:15 UTC</createdTime>
<generatorID>AB049CB8-AD02-0B66-FE81-FAA4AFED3F6D</generatorID>
<ownerDesignName>banco</ownerDesignName>
<engineerTo>
<item key="B02A1C11-A8A2-77F5-3595-D5B964B09602" value="true"/>
</engineerTo>
<useDomainConstraints>false</useDomainConstraints>
<use>1</use>
<logicalDatatype>LOGDT024</logicalDatatype>
<dataTypeSize>100 CHAR</dataTypeSize>
<ownDataTypeParameters>100 CHAR,,</ownDataTypeParameters>
</Attribute>
<Attribute name="nombre representante" id="DD5DC941-817A-22D6-967A-2538287602C7">
<createdBy>Santiago</createdBy>
<createdTime>2021-03-19 15:06:15 UTC</createdTime>
<generatorID>D11C9DCC-C76B-26FF-6253-FC98F4D69644</generatorID>
<ownerDesignName>banco</ownerDesignName>
<engineerTo>
<item key="B02A1C11-A8A2-77F5-3595-D5B964B09602" value="true"/>
</engineerTo>
<useDomainConstraints>false</useDomainConstraints>
<use>1</use>
<logicalDatatype>LOGDT024</logicalDatatype>
<dataTypeSize>250 CHAR</dataTypeSize>
<ownDataTypeParameters>250 CHAR,,</ownDataTypeParameters>
</Attribute>
<Attribute name="numero empleados" id="F9396E02-F213-695D-A7D4-2F2F3B519269">
<createdBy>Santiago</createdBy>
<createdTime>2021-03-19 15:06:15 UTC</createdTime>
<generatorID>50473715-BE4E-8EB9-4E6B-9B9B42DBEAC7</generatorID>
<ownerDesignName>banco</ownerDesignName>
<engineerTo>
<item key="B02A1C11-A8A2-77F5-3595-D5B964B09602" value="true"/>
</engineerTo>
<nullsAllowed>true</nullsAllowed>
<useDomainConstraints>false</useDomainConstraints>
<use>1</use>
<logicalDatatype>LOGDT011</logicalDatatype>
<ownDataTypeParameters>,,</ownDataTypeParameters>
</Attribute>
</attributes>
<identifiers itemClass="oracle.dbtools.crest.model.design.logical.CandidateKey">
<identifier id="6092749D-A18C-E9D0-B63D-5BAB68576595" name="persona juridica PK">
<createdBy>Santiago</createdBy>
<createdTime>2021-03-19 15:06:15 UTC</createdTime>
<generatorID>0E64EABF-6C0A-EBAA-7B13-91BF7B9A14CF</generatorID>
<ownerDesignName>banco</ownerDesignName>
<engineerTo>
<item key="B02A1C11-A8A2-77F5-3595-D5B964B09602" value="true"/>
</engineerTo>
<pk>true</pk>
<usedAttributes>
<attributeRef>7D566938-67DA-AE0D-AB2E-25DC53AF1864</attributeRef>
</usedAttributes>
</identifier>
</identifiers>
</Entity>