<?xml version = '1.0' encoding = 'UTF-8'?>
<Entity class="oracle.dbtools.crest.model.design.logical.Entity" directorySegmentName="seg_0" id="23C872C1-12E3-E62B-C66D-1E5BE1DFC2A2" name="Cliente">
<createdBy>Santiago</createdBy>
<createdTime>2021-03-19 14:15:25 UTC</createdTime>
<ownerDesignName>banco</ownerDesignName>
<engineerTo>
<item key="B02A1C11-A8A2-77F5-3595-D5B964B09602" value="true"/>
</engineerTo>
<adequatelyNormalized>NO</adequatelyNormalized>
<expectedVolumes>0</expectedVolumes>
<fwdEngineeringStrategyName>Single Table</fwdEngineeringStrategyName>
<growthPercent>0</growthPercent>
<growthType>Year</growthType>
<maxVolumes>9999999</maxVolumes>
<minVolumes>0</minVolumes>
<normalForm>Third</normalForm>
<attributes itemClass="oracle.dbtools.crest.model.design.logical.Attribute">
<Attribute name="documento" id="D9A09E1A-D759-9B8A-7175-472E72C97C74">
<createdBy>Santiago</createdBy>
<createdTime>2021-03-19 14:17:42 UTC</createdTime>
<ownerDesignName>banco</ownerDesignName>
<engineerTo>
<item key="B02A1C11-A8A2-77F5-3595-D5B964B09602" value="true"/>
</engineerTo>
<useDomainConstraints>false</useDomainConstraints>
<use>1</use>
<logicalDatatype>LOGDT011</logicalDatatype>
<ownDataTypeParameters>,,</ownDataTypeParameters>
</Attribute>
<Attribute name="nombre" id="34B87F42-508D-83AE-75EA-26A0086F07C3">
<createdBy>Santiago</createdBy>
<createdTime>2021-03-19 14:18:14 UTC</createdTime>
<ownerDesignName>banco</ownerDesignName>
<engineerTo>
<item key="B02A1C11-A8A2-77F5-3595-D5B964B09602" value="true"/>
</engineerTo>
<useDomainConstraints>false</useDomainConstraints>
<use>1</use>
<logicalDatatype>LOGDT024</logicalDatatype>
<dataTypeSize>150 CHAR</dataTypeSize>
<ownDataTypeParameters>150 CHAR,,</ownDataTypeParameters>
</Attribute>
<Attribute name="direccion" id="176A2D8E-1AFD-C6F6-F7B6-B8A63DCB3C7C">
<createdBy>Santiago</createdBy>
<createdTime>2021-03-19 14:18:45 UTC</createdTime>
<ownerDesignName>banco</ownerDesignName>
<engineerTo>
<item key="B02A1C11-A8A2-77F5-3595-D5B964B09602" value="true"/>
</engineerTo>
<nullsAllowed>true</nullsAllowed>
<useDomainConstraints>false</useDomainConstraints>
<use>1</use>
<logicalDatatype>LOGDT024</logicalDatatype>
<dataTypeSize>250 CHAR</dataTypeSize>
<ownDataTypeParameters>250 CHAR,,</ownDataTypeParameters>
</Attribute>
</attributes>
<identifiers itemClass="oracle.dbtools.crest.model.design.logical.CandidateKey">
<identifier id="4D4CA83E-A11D-A157-8098-530CD7DAD170" name="Cliente PK">
<createdBy>Santiago</createdBy>
<createdTime>2021-03-19 14:17:57 UTC</createdTime>
<ownerDesignName>banco</ownerDesignName>
<engineerTo>
<item key="B02A1C11-A8A2-77F5-3595-D5B964B09602" value="true"/>
</engineerTo>
<pk>true</pk>
<usedAttributes>
<attributeRef>D9A09E1A-D759-9B8A-7175-472E72C97C74</attributeRef>
</usedAttributes>
</identifier>
</identifiers>
</Entity>